{
    "00": {
        "FilterVersion": "1.2.815",
        "Filter_Enabled": true,
        "Filter_Human_Label": "Read DREAM.3D Data File",
        "Filter_Name": "DataContainerReader",
        "Filter_Uuid": "{043cbde5-3878-5718-958f-ae75714df0df}",
        "InputFile": "C:\\Users\\nirahve\\Desktop\\slim pipeline\\pipeline_output\\9-xy-prepack.dream3d",
        "InputFileDataContainerArrayProxy": {
            "Data Containers": [
                {
                    "Attribute Matricies": [
                        {
                            "Data Arrays": [
                                {
                                    "Component Dimensions": [
                                        1
                                    ],
                                    "Flag": 2,
                                    "Name": "Mask_Sphere",
                                    "Object Type": "DataArray<bool>",
                                    "Path": "/DataContainers/ImageDataContainer/CellData",
                                    "Tuple Dimensions": [
                                        25,
                                        25,
                                        25
                                    ],
                                    "Version": 2
                                }
                            ],
                            "Flag": 2,
                            "Name": "CellData",
                            "Type": 3
                        },
                        {
                            "Data Arrays": [
                                {
                                    "Component Dimensions": [
                                        1
                                    ],
                                    "Flag": 2,
                                    "Name": "CrystalStructures",
                                    "Object Type": "DataArray<uint32_t>",
                                    "Path": "/DataContainers/ImageDataContainer/CellEnsembleDataReference",
                                    "Tuple Dimensions": [
                                        2
                                    ],
                                    "Version": 2
                                },
                                {
                                    "Component Dimensions": [
                                        1
                                    ],
                                    "Flag": 2,
                                    "Name": "PhaseName",
                                    "Object Type": "StringDataArray",
                                    "Path": "/DataContainers/ImageDataContainer/CellEnsembleDataReference",
                                    "Tuple Dimensions": [
                                        2
                                    ],
                                    "Version": 2
                                },
                                {
                                    "Component Dimensions": [
                                        1
                                    ],
                                    "Flag": 2,
                                    "Name": "PhaseTypes",
                                    "Object Type": "DataArray<uint32_t>",
                                    "Path": "/DataContainers/ImageDataContainer/CellEnsembleDataReference",
                                    "Tuple Dimensions": [
                                        2
                                    ],
                                    "Version": 2
                                },
                                {
                                    "Component Dimensions": [
                                        1
                                    ],
                                    "Flag": 2,
                                    "Name": "Statistics",
                                    "Object Type": "Statistics",
                                    "Path": "/DataContainers/ImageDataContainer/CellEnsembleDataReference",
                                    "Tuple Dimensions": [
                                        2
                                    ],
                                    "Version": 2
                                }
                            ],
                            "Flag": 2,
                            "Name": "CellEnsembleDataReference",
                            "Type": 11
                        }
                    ],
                    "Flag": 2,
                    "Name": "ImageDataContainer",
                    "Type": 0
                }
            ]
        },
        "OverwriteExistingDataContainers": 0
    },
    "01": {
        "FilterVersion": "1.2.815",
        "Filter_Enabled": false,
        "Filter_Human_Label": "Pipeline Annotation",
        "Filter_Name": "PipelineAnnotation",
        "Filter_Uuid": "{8cc2198b-6a9d-5bf4-b8c0-b0878bb57f10}",
        "Summary": "<!DOCTYPE HTML PUBLIC \"-//W3C//DTD HTML 4.0//EN\" \"http://www.w3.org/TR/REC-html40/strict.dtd\">\n<html><head><meta name=\"qrichtext\" content=\"1\" /><style type=\"text/css\">\np, li { white-space: pre-wrap; }\n</style></head><body style=\" font-family:'Sans Serif'; font-size:9pt; font-weight:400; font-style:normal;\">\n<p style=\" margin-top:0px; margin-bottom:0px; margin-left:0px; margin-right:0px; -qt-block-indent:0; text-indent:0px;\">pack</p></body></html>"
    },
    "02": {
        "FilterVersion": "6.5.141",
        "Filter_Enabled": true,
        "Filter_Human_Label": "Establish Shape Types",
        "Filter_Name": "EstablishShapeTypes",
        "Filter_Uuid": "{4edbbd35-a96b-5ff1-984a-153d733e2abb}",
        "InputPhaseTypesArrayPath": {
            "Attribute Matrix Name": "CellEnsembleDataReference",
            "Data Array Name": "PhaseTypes",
            "Data Container Name": "ImageDataContainer"
        },
        "ShapeTypeData": [
            999,
            0
        ],
        "ShapeTypesArrayName": "ShapeTypes"
    },
    "03": {
        "CellPhasesArrayName": "Phases",
        "FeatureGeneration": 0,
        "FeatureIdsArrayName": "FeatureIds",
        "FeatureInputFile": "\\home\\nirahve\\school\\research\\DREAM3D-6.5.141-Linux-x86_64\\C\\sevm\\",
        "FeaturePhasesArrayName": "Phases",
        "FilterVersion": "6.5.141",
        "Filter_Enabled": true,
        "Filter_Human_Label": "Pack Primary Phases",
        "Filter_Name": "PackPrimaryPhases",
        "Filter_Uuid": "{84305312-0d10-50ca-b89a-fda17a353cc9}",
        "InputPhaseNamesArrayPath": {
            "Attribute Matrix Name": "CellEnsembleDataReference",
            "Data Array Name": "PhaseName",
            "Data Container Name": "ImageDataContainer"
        },
        "InputPhaseTypesArrayPath": {
            "Attribute Matrix Name": "CellEnsembleDataReference",
            "Data Array Name": "PhaseTypes",
            "Data Container Name": "ImageDataContainer"
        },
        "InputShapeTypesArrayPath": {
            "Attribute Matrix Name": "CellEnsembleDataReference",
            "Data Array Name": "ShapeTypes",
            "Data Container Name": "ImageDataContainer"
        },
        "InputStatsArrayPath": {
            "Attribute Matrix Name": "CellEnsembleDataReference",
            "Data Array Name": "Statistics",
            "Data Container Name": "ImageDataContainer"
        },
        "MaskArrayPath": {
            "Attribute Matrix Name": "CellData",
            "Data Array Name": "Mask_Sphere",
            "Data Container Name": "ImageDataContainer"
        },
        "NewAttributeMatrixPath": {
            "Attribute Matrix Name": "CellFeatureData_Boundaries",
            "Data Array Name": "",
            "Data Container Name": "SyntheticVolumeDataContainer"
        },
        "NumFeaturesArrayName": "NumFeatures",
        "OutputCellAttributeMatrixPath": {
            "Attribute Matrix Name": "CellData",
            "Data Array Name": "",
            "Data Container Name": "ImageDataContainer"
        },
        "OutputCellEnsembleAttributeMatrixName": "CellEnsembleData",
        "OutputCellFeatureAttributeMatrixName": "CellFeatureData",
        "PeriodicBoundaries": 0,
        "SaveGeometricDescriptions": 0,
        "SelectedAttributeMatrixPath": {
            "Attribute Matrix Name": "",
            "Data Array Name": "",
            "Data Container Name": ""
        },
        "UseMask": 1
    },
    "04": {
        "FilterVersion": "1.2.815",
        "Filter_Enabled": false,
        "Filter_Human_Label": "Pipeline Annotation",
        "Filter_Name": "PipelineAnnotation",
        "Filter_Uuid": "{8cc2198b-6a9d-5bf4-b8c0-b0878bb57f10}",
        "Summary": "<!DOCTYPE HTML PUBLIC \"-//W3C//DTD HTML 4.0//EN\" \"http://www.w3.org/TR/REC-html40/strict.dtd\">\n<html><head><meta name=\"qrichtext\" content=\"1\" /><style type=\"text/css\">\np, li { white-space: pre-wrap; }\n</style></head><body style=\" font-family:'MS Shell Dlg 2'; font-size:7.8pt; font-weight:400; font-style:normal;\">\n<p style=\" margin-top:0px; margin-bottom:0px; margin-left:0px; margin-right:0px; -qt-block-indent:0; text-indent:0px;\">Clean</p></body></html>"
    },
    "05": {
        "EquivalentDiametersArrayName": "EquivalentDiameters",
        "FeatureAttributeMatrixName": {
            "Attribute Matrix Name": "CellFeatureData",
            "Data Array Name": "",
            "Data Container Name": "ImageDataContainer"
        },
        "FeatureIdsArrayPath": {
            "Attribute Matrix Name": "CellData",
            "Data Array Name": "FeatureIds",
            "Data Container Name": "ImageDataContainer"
        },
        "FilterVersion": "6.5.141",
        "Filter_Enabled": true,
        "Filter_Human_Label": "Find Feature Sizes",
        "Filter_Name": "FindSizes",
        "Filter_Uuid": "{656f144c-a120-5c3b-bee5-06deab438588}",
        "NumElementsArrayName": "NumElements",
        "SaveElementSizes": 0,
        "VolumesArrayName": "Volumes"
    },
    "06": {
        "ApplyToSinglePhase": 0,
        "FeatureIdsArrayPath": {
            "Attribute Matrix Name": "CellData",
            "Data Array Name": "FeatureIds",
            "Data Container Name": "ImageDataContainer"
        },
        "FeaturePhasesArrayPath": {
            "Attribute Matrix Name": "CellFeatureData",
            "Data Array Name": "Phases",
            "Data Container Name": "ImageDataContainer"
        },
        "FilterVersion": "6.5.141",
        "Filter_Enabled": true,
        "Filter_Human_Label": "Minimum Size",
        "Filter_Name": "MinSize",
        "Filter_Uuid": "{53ac1638-8934-57b8-b8e5-4b91cdda23ec}",
        "IgnoredDataArrayPaths": [],
        "MinAllowedFeatureSize": 27,
        "NumCellsArrayPath": {
            "Attribute Matrix Name": "CellFeatureData",
            "Data Array Name": "NumElements",
            "Data Container Name": "ImageDataContainer"
        },
        "PhaseNumber": 0
    },
    "07": {
        "FilterVersion": "1.2.815",
        "Filter_Enabled": false,
        "Filter_Human_Label": "Pipeline Annotation",
        "Filter_Name": "PipelineAnnotation",
        "Filter_Uuid": "{8cc2198b-6a9d-5bf4-b8c0-b0878bb57f10}",
        "Summary": "<!DOCTYPE HTML PUBLIC \"-//W3C//DTD HTML 4.0//EN\" \"http://www.w3.org/TR/REC-html40/strict.dtd\">\n<html><head><meta name=\"qrichtext\" content=\"1\" /><style type=\"text/css\">\np, li { white-space: pre-wrap; }\n</style></head><body style=\" font-family:'MS Shell Dlg 2'; font-size:7.8pt; font-weight:400; font-style:normal;\">\n<p style=\" margin-top:0px; margin-bottom:0px; margin-left:0px; margin-right:0px; -qt-block-indent:0; text-indent:0px;\">Delete:</p>\n<p style=\"-qt-paragraph-type:empty; margin-top:0px; margin-bottom:0px; margin-left:0px; margin-right:0px; -qt-block-indent:0; text-indent:0px;\"><br /></p>\n<p style=\" margin-top:0px; margin-bottom:0px; margin-left:0px; margin-right:0px; -qt-block-indent:0; text-indent:0px;\">EquivalentDiameters</p>\n<p style=\" margin-top:0px; margin-bottom:0px; margin-left:0px; margin-right:0px; -qt-block-indent:0; text-indent:0px;\">NumElements</p>\n<p style=\" margin-top:0px; margin-bottom:0px; margin-left:0px; margin-right:0px; -qt-block-indent:0; text-indent:0px;\">Volumes</p>\n<p style=\"-qt-paragraph-type:empty; margin-top:0px; margin-bottom:0px; margin-left:0px; margin-right:0px; -qt-block-indent:0; text-indent:0px;\"><br /></p>\n<p style=\" margin-top:0px; margin-bottom:0px; margin-left:0px; margin-right:0px; -qt-block-indent:0; text-indent:0px;\">To find size data later</p></body></html>"
    },
    "08": {
        "DataArraysToRemove": {
            "Data Containers": [
                {
                    "Attribute Matricies": [
                        {
                            "Data Arrays": [
                                {
                                    "Component Dimensions": [
                                        1
                                    ],
                                    "Flag": 0,
                                    "Name": "FeatureIds",
                                    "Object Type": "int32_t",
                                    "Path": "ImageDataContainer/CellData/",
                                    "Tuple Dimensions": [
                                        317,
                                        317,
                                        317
                                    ],
                                    "Version": 2
                                },
                                {
                                    "Component Dimensions": [
                                        1
                                    ],
                                    "Flag": 0,
                                    "Name": "Mask_Sphere",
                                    "Object Type": "double",
                                    "Path": "ImageDataContainer/CellData/",
                                    "Tuple Dimensions": [
                                        125,
                                        125,
                                        125
                                    ],
                                    "Version": 2
                                },
                                {
                                    "Component Dimensions": [
                                        1
                                    ],
                                    "Flag": 0,
                                    "Name": "Phases",
                                    "Object Type": "int32_t",
                                    "Path": "ImageDataContainer/CellData/",
                                    "Tuple Dimensions": [
                                        317,
                                        317,
                                        317
                                    ],
                                    "Version": 2
                                }
                            ],
                            "Flag": 0,
                            "Name": "CellData",
                            "Type": 3
                        },
                        {
                            "Data Arrays": [
                                {
                                    "Component Dimensions": [
                                        1
                                    ],
                                    "Flag": 0,
                                    "Name": "NumFeatures",
                                    "Object Type": "int32_t",
                                    "Path": "ImageDataContainer/CellEnsembleData/",
                                    "Tuple Dimensions": [
                                        2
                                    ],
                                    "Version": 2
                                },
                                {
                                    "Component Dimensions": [
                                        1
                                    ],
                                    "Flag": 0,
                                    "Name": "PhaseName",
                                    "Object Type": "StringDataArray",
                                    "Path": "ImageDataContainer/CellEnsembleData/",
                                    "Tuple Dimensions": [
                                        2
                                    ],
                                    "Version": 2
                                }
                            ],
                            "Flag": 0,
                            "Name": "CellEnsembleData",
                            "Type": 11
                        },
                        {
                            "Data Arrays": [
                                {
                                    "Component Dimensions": [
                                        1
                                    ],
                                    "Flag": 0,
                                    "Name": "CrystalStructures",
                                    "Object Type": "uint32_t",
                                    "Path": "ImageDataContainer/CellEnsembleDataReference/",
                                    "Tuple Dimensions": [
                                        2
                                    ],
                                    "Version": 2
                                },
                                {
                                    "Component Dimensions": [
                                        1
                                    ],
                                    "Flag": 0,
                                    "Name": "PhaseName",
                                    "Object Type": "StringDataArray",
                                    "Path": "ImageDataContainer/CellEnsembleDataReference/",
                                    "Tuple Dimensions": [
                                        2
                                    ],
                                    "Version": 2
                                },
                                {
                                    "Component Dimensions": [
                                        1
                                    ],
                                    "Flag": 0,
                                    "Name": "PhaseTypes",
                                    "Object Type": "uint32_t",
                                    "Path": "ImageDataContainer/CellEnsembleDataReference/",
                                    "Tuple Dimensions": [
                                        2
                                    ],
                                    "Version": 2
                                },
                                {
                                    "Component Dimensions": [
                                        1
                                    ],
                                    "Flag": 0,
                                    "Name": "ShapeTypes",
                                    "Object Type": "uint32_t",
                                    "Path": "ImageDataContainer/CellEnsembleDataReference/",
                                    "Tuple Dimensions": [
                                        2
                                    ],
                                    "Version": 2
                                },
                                {
                                    "Component Dimensions": [
                                        1
                                    ],
                                    "Flag": 0,
                                    "Name": "Statistics",
                                    "Object Type": "StatsDataArray",
                                    "Path": "ImageDataContainer/CellEnsembleDataReference/",
                                    "Tuple Dimensions": [
                                        2
                                    ],
                                    "Version": 2
                                }
                            ],
                            "Flag": 0,
                            "Name": "CellEnsembleDataReference",
                            "Type": 11
                        },
                        {
                            "Data Arrays": [
                                {
                                    "Component Dimensions": [
                                        1
                                    ],
                                    "Flag": 2,
                                    "Name": "EquivalentDiameters",
                                    "Object Type": "float",
                                    "Path": "ImageDataContainer/CellFeatureData/",
                                    "Tuple Dimensions": [
                                        0
                                    ],
                                    "Version": 2
                                },
                                {
                                    "Component Dimensions": [
                                        1
                                    ],
                                    "Flag": 2,
                                    "Name": "NumElements",
                                    "Object Type": "int32_t",
                                    "Path": "ImageDataContainer/CellFeatureData/",
                                    "Tuple Dimensions": [
                                        0
                                    ],
                                    "Version": 2
                                },
                                {
                                    "Component Dimensions": [
                                        1
                                    ],
                                    "Flag": 0,
                                    "Name": "Phases",
                                    "Object Type": "int32_t",
                                    "Path": "ImageDataContainer/CellFeatureData/",
                                    "Tuple Dimensions": [
                                        0
                                    ],
                                    "Version": 2
                                },
                                {
                                    "Component Dimensions": [
                                        1
                                    ],
                                    "Flag": 2,
                                    "Name": "Volumes",
                                    "Object Type": "float",
                                    "Path": "ImageDataContainer/CellFeatureData/",
                                    "Tuple Dimensions": [
                                        0
                                    ],
                                    "Version": 2
                                }
                            ],
                            "Flag": 0,
                            "Name": "CellFeatureData",
                            "Type": 7
                        }
                    ],
                    "Flag": 0,
                    "Name": "ImageDataContainer",
                    "Type": 0
                }
            ]
        },
        "FilterVersion": "1.2.815",
        "Filter_Enabled": true,
        "Filter_Human_Label": "Delete Data",
        "Filter_Name": "RemoveArrays",
        "Filter_Uuid": "{7b1c8f46-90dd-584a-b3ba-34e16958a7d0}"
    },
    "09": {
        "FilterVersion": "1.2.815",
        "Filter_Enabled": false,
        "Filter_Human_Label": "Pipeline Annotation",
        "Filter_Name": "PipelineAnnotation",
        "Filter_Uuid": "{8cc2198b-6a9d-5bf4-b8c0-b0878bb57f10}",
        "Summary": "<!DOCTYPE HTML PUBLIC \"-//W3C//DTD HTML 4.0//EN\" \"http://www.w3.org/TR/REC-html40/strict.dtd\">\n<html><head><meta name=\"qrichtext\" content=\"1\" /><style type=\"text/css\">\np, li { white-space: pre-wrap; }\n</style></head><body style=\" font-family:'MS Shell Dlg 2'; font-size:7.8pt; font-weight:400; font-style:normal;\">\n<p style=\"-qt-paragraph-type:empty; margin-top:0px; margin-bottom:0px; margin-left:0px; margin-right:0px; -qt-block-indent:0; text-indent:0px;\"><br /></p></body></html>"
    },
    "10": {
        "FeatureIdsArrayPath": {
            "Attribute Matrix Name": "CellData",
            "Data Array Name": "FeatureIds",
            "Data Container Name": "ImageDataContainer"
        },
        "FilterVersion": "6.5.141",
        "Filter_Enabled": true,
        "Filter_Human_Label": "Find Surface Features",
        "Filter_Name": "FindSurfaceFeatures",
        "Filter_Uuid": "{d2b0ae3d-686a-5dc0-a844-66bc0dc8f3cb}",
        "SurfaceFeaturesArrayPath": {
            "Attribute Matrix Name": "CellFeatureData",
            "Data Array Name": "SurfaceFeatures",
            "Data Container Name": "ImageDataContainer"
        }
    },
    "11": {
        "BoundaryCellsArrayName": "BoundaryCells",
        "CellFeatureAttributeMatrixPath": {
            "Attribute Matrix Name": "CellFeatureData",
            "Data Array Name": "",
            "Data Container Name": "ImageDataContainer"
        },
        "FeatureIdsArrayPath": {
            "Attribute Matrix Name": "CellData",
            "Data Array Name": "FeatureIds",
            "Data Container Name": "ImageDataContainer"
        },
        "FilterVersion": "6.5.141",
        "Filter_Enabled": true,
        "Filter_Human_Label": "Find Feature Neighbors",
        "Filter_Name": "FindNeighbors",
        "Filter_Uuid": "{97cf66f8-7a9b-5ec2-83eb-f8c4c8a17bac}",
        "NeighborListArrayName": "NeighborList",
        "NumNeighborsArrayName": "NumNeighbors",
        "SharedSurfaceAreaListArrayName": "SharedSurfaceAreaList",
        "StoreBoundaryCells": 0,
        "StoreSurfaceFeatures": 0,
        "SurfaceFeaturesArrayName": "SurfaceFeatures"
    },
    "12": {
        "FilterVersion": "1.2.815",
        "Filter_Enabled": true,
        "Filter_Human_Label": "Write DREAM.3D Data File",
        "Filter_Name": "DataContainerWriter",
        "Filter_Uuid": "{3fcd4c43-9d75-5b86-aad4-4441bc914f37}",
        "OutputFile": "C:\\Users\\nirahve\\Desktop\\slim pipeline\\pipeline_output\\10-synthetic_grains.dream3d",
        "WriteTimeSeries": 0,
        "WriteXdmfFile": 1
    },
    "PipelineBuilder": {
        "Name": "10GenerateGrains",
        "Number_Filters": 13,
        "Version": 6
    }
}