{
    "0": {
        "FilterVersion": "1.2.815",
        "Filter_Enabled": true,
        "Filter_Human_Label": "Read DREAM.3D Data File",
        "Filter_Name": "DataContainerReader",
        "Filter_Uuid": "{043cbde5-3878-5718-958f-ae75714df0df}",
        "InputFile": "C:\\Users\\nirahve\\Desktop\\slim pipeline\\pipeline_output\\10-synthetic_grains.dream3d",
        "InputFileDataContainerArrayProxy": {
            "Data Containers": [
                {
                    "Attribute Matricies": [
                        {
                            "Data Arrays": [
                                {
                                    "Component Dimensions": [
                                        1
                                    ],
                                    "Flag": 2,
                                    "Name": "FeatureIds",
                                    "Object Type": "DataArray<int32_t>",
                                    "Path": "/DataContainers/ImageDataContainer/CellData",
                                    "Tuple Dimensions": [
                                        25,
                                        25,
                                        25
                                    ],
                                    "Version": 2
                                },
                                {
                                    "Component Dimensions": [
                                        1
                                    ],
                                    "Flag": 2,
                                    "Name": "Mask_Sphere",
                                    "Object Type": "DataArray<bool>",
                                    "Path": "/DataContainers/ImageDataContainer/CellData",
                                    "Tuple Dimensions": [
                                        25,
                                        25,
                                        25
                                    ],
                                    "Version": 2
                                },
                                {
                                    "Component Dimensions": [
                                        1
                                    ],
                                    "Flag": 2,
                                    "Name": "Phases",
                                    "Object Type": "DataArray<int32_t>",
                                    "Path": "/DataContainers/ImageDataContainer/CellData",
                                    "Tuple Dimensions": [
                                        25,
                                        25,
                                        25
                                    ],
                                    "Version": 2
                                }
                            ],
                            "Flag": 2,
                            "Name": "CellData",
                            "Type": 3
                        },
                        {
                            "Data Arrays": [
                                {
                                    "Component Dimensions": [
                                        1
                                    ],
                                    "Flag": 2,
                                    "Name": "NumFeatures",
                                    "Object Type": "DataArray<int32_t>",
                                    "Path": "/DataContainers/ImageDataContainer/CellEnsembleData",
                                    "Tuple Dimensions": [
                                        2
                                    ],
                                    "Version": 2
                                },
                                {
                                    "Component Dimensions": [
                                        1
                                    ],
                                    "Flag": 2,
                                    "Name": "PhaseName",
                                    "Object Type": "StringDataArray",
                                    "Path": "/DataContainers/ImageDataContainer/CellEnsembleData",
                                    "Tuple Dimensions": [
                                        2
                                    ],
                                    "Version": 2
                                }
                            ],
                            "Flag": 2,
                            "Name": "CellEnsembleData",
                            "Type": 11
                        },
                        {
                            "Data Arrays": [
                                {
                                    "Component Dimensions": [
                                        1
                                    ],
                                    "Flag": 2,
                                    "Name": "CrystalStructures",
                                    "Object Type": "DataArray<uint32_t>",
                                    "Path": "/DataContainers/ImageDataContainer/CellEnsembleDataReference",
                                    "Tuple Dimensions": [
                                        2
                                    ],
                                    "Version": 2
                                },
                                {
                                    "Component Dimensions": [
                                        1
                                    ],
                                    "Flag": 2,
                                    "Name": "PhaseName",
                                    "Object Type": "StringDataArray",
                                    "Path": "/DataContainers/ImageDataContainer/CellEnsembleDataReference",
                                    "Tuple Dimensions": [
                                        2
                                    ],
                                    "Version": 2
                                },
                                {
                                    "Component Dimensions": [
                                        1
                                    ],
                                    "Flag": 2,
                                    "Name": "PhaseTypes",
                                    "Object Type": "DataArray<uint32_t>",
                                    "Path": "/DataContainers/ImageDataContainer/CellEnsembleDataReference",
                                    "Tuple Dimensions": [
                                        2
                                    ],
                                    "Version": 2
                                },
                                {
                                    "Component Dimensions": [
                                        1
                                    ],
                                    "Flag": 2,
                                    "Name": "ShapeTypes",
                                    "Object Type": "DataArray<uint32_t>",
                                    "Path": "/DataContainers/ImageDataContainer/CellEnsembleDataReference",
                                    "Tuple Dimensions": [
                                        2
                                    ],
                                    "Version": 2
                                },
                                {
                                    "Component Dimensions": [
                                        1
                                    ],
                                    "Flag": 2,
                                    "Name": "Statistics",
                                    "Object Type": "Statistics",
                                    "Path": "/DataContainers/ImageDataContainer/CellEnsembleDataReference",
                                    "Tuple Dimensions": [
                                        2
                                    ],
                                    "Version": 2
                                }
                            ],
                            "Flag": 2,
                            "Name": "CellEnsembleDataReference",
                            "Type": 11
                        },
                        {
                            "Data Arrays": [
                                {
                                    "Component Dimensions": [
                                        1
                                    ],
                                    "Flag": 2,
                                    "Name": "NeighborList",
                                    "Object Type": "NeighborList<T>",
                                    "Path": "/DataContainers/ImageDataContainer/CellFeatureData",
                                    "Tuple Dimensions": [
                                        6
                                    ],
                                    "Version": 2
                                },
                                {
                                    "Component Dimensions": [
                                        1
                                    ],
                                    "Flag": 2,
                                    "Name": "NumNeighbors",
                                    "Object Type": "DataArray<int32_t>",
                                    "Path": "/DataContainers/ImageDataContainer/CellFeatureData",
                                    "Tuple Dimensions": [
                                        6
                                    ],
                                    "Version": 2
                                },
                                {
                                    "Component Dimensions": [
                                        1
                                    ],
                                    "Flag": 2,
                                    "Name": "Phases",
                                    "Object Type": "DataArray<int32_t>",
                                    "Path": "/DataContainers/ImageDataContainer/CellFeatureData",
                                    "Tuple Dimensions": [
                                        6
                                    ],
                                    "Version": 2
                                },
                                {
                                    "Component Dimensions": [
                                        1
                                    ],
                                    "Flag": 2,
                                    "Name": "SharedSurfaceAreaList",
                                    "Object Type": "NeighborList<T>",
                                    "Path": "/DataContainers/ImageDataContainer/CellFeatureData",
                                    "Tuple Dimensions": [
                                        6
                                    ],
                                    "Version": 2
                                },
                                {
                                    "Component Dimensions": [
                                        1
                                    ],
                                    "Flag": 2,
                                    "Name": "SurfaceFeatures",
                                    "Object Type": "DataArray<bool>",
                                    "Path": "/DataContainers/ImageDataContainer/CellFeatureData",
                                    "Tuple Dimensions": [
                                        6
                                    ],
                                    "Version": 2
                                }
                            ],
                            "Flag": 2,
                            "Name": "CellFeatureData",
                            "Type": 7
                        }
                    ],
                    "Flag": 2,
                    "Name": "ImageDataContainer",
                    "Type": 0
                }
            ]
        },
        "OverwriteExistingDataContainers": 0
    },
    "1": {
        "FilterVersion": "1.2.815",
        "Filter_Enabled": false,
        "Filter_Human_Label": "Pipeline Annotation",
        "Filter_Name": "PipelineAnnotation",
        "Filter_Uuid": "{8cc2198b-6a9d-5bf4-b8c0-b0878bb57f10}",
        "Summary": "<!DOCTYPE HTML PUBLIC \"-//W3C//DTD HTML 4.0//EN\" \"http://www.w3.org/TR/REC-html40/strict.dtd\">\n<html><head><meta name=\"qrichtext\" content=\"1\" /><style type=\"text/css\">\np, li { white-space: pre-wrap; }\n</style></head><body style=\" font-family:'MS Shell Dlg 2'; font-size:7.8pt; font-weight:400; font-style:normal;\">\n<p style=\" margin-top:0px; margin-bottom:0px; margin-left:0px; margin-right:0px; -qt-block-indent:0; text-indent:0px;\">Max iterations should be about (n_grains)^2</p></body></html>"
    },
    "2": {
        "AvgQuatsArrayName": "AvgQuats",
        "CellEulerAnglesArrayName": "AvgEulerAngles",
        "CrystalStructuresArrayPath": {
            "Attribute Matrix Name": "CellEnsembleDataReference",
            "Data Array Name": "CrystalStructures",
            "Data Container Name": "ImageDataContainer"
        },
        "FeatureEulerAnglesArrayName": "AvgEulerAngles",
        "FeatureIdsArrayPath": {
            "Attribute Matrix Name": "CellData",
            "Data Array Name": "FeatureIds",
            "Data Container Name": "ImageDataContainer"
        },
        "FeaturePhasesArrayPath": {
            "Attribute Matrix Name": "CellFeatureData",
            "Data Array Name": "Phases",
            "Data Container Name": "ImageDataContainer"
        },
        "FilterVersion": "6.5.141",
        "Filter_Enabled": true,
        "Filter_Human_Label": "Match Crystallography",
        "Filter_Name": "MatchCrystallography",
        "Filter_Uuid": "{7bfb6e4a-6075-56da-8006-b262d99dff30}",
        "InputStatsArrayPath": {
            "Attribute Matrix Name": "CellEnsembleDataReference",
            "Data Array Name": "Statistics",
            "Data Container Name": "ImageDataContainer"
        },
        "MaxIterations": 500000,
        "NeighborListArrayPath": {
            "Attribute Matrix Name": "CellFeatureData",
            "Data Array Name": "NeighborList",
            "Data Container Name": "ImageDataContainer"
        },
        "NumFeaturesArrayPath": {
            "Attribute Matrix Name": "CellEnsembleData",
            "Data Array Name": "NumFeatures",
            "Data Container Name": "ImageDataContainer"
        },
        "PhaseTypesArrayPath": {
            "Attribute Matrix Name": "CellEnsembleDataReference",
            "Data Array Name": "PhaseTypes",
            "Data Container Name": "ImageDataContainer"
        },
        "SharedSurfaceAreaListArrayPath": {
            "Attribute Matrix Name": "CellFeatureData",
            "Data Array Name": "SharedSurfaceAreaList",
            "Data Container Name": "ImageDataContainer"
        },
        "SurfaceFeaturesArrayPath": {
            "Attribute Matrix Name": "CellFeatureData",
            "Data Array Name": "SurfaceFeatures",
            "Data Container Name": "ImageDataContainer"
        },
        "VolumesArrayName": "Volumes"
    },
    "3": {
        "CellEulerAnglesArrayPath": {
            "Attribute Matrix Name": "CellData",
            "Data Array Name": "AvgEulerAngles",
            "Data Container Name": "ImageDataContainer"
        },
        "CellIPFColorsArrayName": "IPFColor",
        "CellPhasesArrayPath": {
            "Attribute Matrix Name": "CellData",
            "Data Array Name": "Phases",
            "Data Container Name": "ImageDataContainer"
        },
        "CrystalStructuresArrayPath": {
            "Attribute Matrix Name": "CellEnsembleData",
            "Data Array Name": "CrystalStructures",
            "Data Container Name": "ImageDataContainer"
        },
        "FilterVersion": "6.5.141",
        "Filter_Enabled": true,
        "Filter_Human_Label": "Generate IPF Colors",
        "Filter_Name": "GenerateIPFColors",
        "Filter_Uuid": "{a50e6532-8075-5de5-ab63-945feb0de7f7}",
        "GoodVoxelsArrayPath": {
            "Attribute Matrix Name": "CellData",
            "Data Array Name": "Mask_Sphere",
            "Data Container Name": "ImageDataContainer"
        },
        "ReferenceDir": {
            "x": 0,
            "y": 0,
            "z": 1
        },
        "UseGoodVoxels": 1
    },
    "4": {
        "FilterVersion": "1.2.815",
        "Filter_Enabled": true,
        "Filter_Human_Label": "Write DREAM.3D Data File",
        "Filter_Name": "DataContainerWriter",
        "Filter_Uuid": "{3fcd4c43-9d75-5b86-aad4-4441bc914f37}",
        "OutputFile": "C:\\Users\\nirahve\\Desktop\\slim pipeline\\pipeline_output\\13-synthetic_grains.dream3d",
        "WriteTimeSeries": 0,
        "WriteXdmfFile": 1
    },
    "PipelineBuilder": {
        "Name": "13GenerateCrystallography",
        "Number_Filters": 5,
        "Version": 6
    }
}