{
    "00": {
        "FilterVersion": "1.2.815",
        "Filter_Enabled": true,
        "Filter_Human_Label": "Read DREAM.3D Data File",
        "Filter_Name": "DataContainerReader",
        "Filter_Uuid": "{043cbde5-3878-5718-958f-ae75714df0df}",
        "InputFile": "C:\\Users\\nirahve\\Desktop\\slim pipeline\\pipeline_output\\13-synthetic_grains.dream3d",
        "InputFileDataContainerArrayProxy": {
            "Data Containers": [
                {
                    "Attribute Matricies": [
                        {
                            "Data Arrays": [
                                {
                                    "Component Dimensions": [
                                        3
                                    ],
                                    "Flag": 2,
                                    "Name": "AvgEulerAngles",
                                    "Object Type": "DataArray<float>",
                                    "Path": "/DataContainers/ImageDataContainer/CellData",
                                    "Tuple Dimensions": [
                                        150,
                                        150,
                                        150
                                    ],
                                    "Version": 2
                                },
                                {
                                    "Component Dimensions": [
                                        1
                                    ],
                                    "Flag": 2,
                                    "Name": "FeatureIds",
                                    "Object Type": "DataArray<int32_t>",
                                    "Path": "/DataContainers/ImageDataContainer/CellData",
                                    "Tuple Dimensions": [
                                        150,
                                        150,
                                        150
                                    ],
                                    "Version": 2
                                },
                                {
                                    "Component Dimensions": [
                                        3
                                    ],
                                    "Flag": 2,
                                    "Name": "IPFColor",
                                    "Object Type": "DataArray<uint8_t>",
                                    "Path": "/DataContainers/ImageDataContainer/CellData",
                                    "Tuple Dimensions": [
                                        150,
                                        150,
                                        150
                                    ],
                                    "Version": 2
                                },
                                {
                                    "Component Dimensions": [
                                        1
                                    ],
                                    "Flag": 2,
                                    "Name": "Mask_Sphere",
                                    "Object Type": "DataArray<bool>",
                                    "Path": "/DataContainers/ImageDataContainer/CellData",
                                    "Tuple Dimensions": [
                                        150,
                                        150,
                                        150
                                    ],
                                    "Version": 2
                                },
                                {
                                    "Component Dimensions": [
                                        1
                                    ],
                                    "Flag": 2,
                                    "Name": "Phases",
                                    "Object Type": "DataArray<int32_t>",
                                    "Path": "/DataContainers/ImageDataContainer/CellData",
                                    "Tuple Dimensions": [
                                        150,
                                        150,
                                        150
                                    ],
                                    "Version": 2
                                }
                            ],
                            "Flag": 2,
                            "Name": "CellData",
                            "Type": 3
                        },
                        {
                            "Data Arrays": [
                                {
                                    "Component Dimensions": [
                                        1
                                    ],
                                    "Flag": 2,
                                    "Name": "CrystalStructures",
                                    "Object Type": "DataArray<uint32_t>",
                                    "Path": "/DataContainers/ImageDataContainer/CellEnsembleData",
                                    "Tuple Dimensions": [
                                        2
                                    ],
                                    "Version": 2
                                },
                                {
                                    "Component Dimensions": [
                                        1
                                    ],
                                    "Flag": 2,
                                    "Name": "NumFeatures",
                                    "Object Type": "DataArray<int32_t>",
                                    "Path": "/DataContainers/ImageDataContainer/CellEnsembleData",
                                    "Tuple Dimensions": [
                                        2
                                    ],
                                    "Version": 2
                                },
                                {
                                    "Component Dimensions": [
                                        1
                                    ],
                                    "Flag": 2,
                                    "Name": "PhaseName",
                                    "Object Type": "StringDataArray",
                                    "Path": "/DataContainers/ImageDataContainer/CellEnsembleData",
                                    "Tuple Dimensions": [
                                        2
                                    ],
                                    "Version": 2
                                }
                            ],
                            "Flag": 2,
                            "Name": "CellEnsembleData",
                            "Type": 11
                        },
                        {
                            "Data Arrays": [
                                {
                                    "Component Dimensions": [
                                        1
                                    ],
                                    "Flag": 2,
                                    "Name": "CrystalStructures",
                                    "Object Type": "DataArray<uint32_t>",
                                    "Path": "/DataContainers/ImageDataContainer/CellEnsembleDataReference",
                                    "Tuple Dimensions": [
                                        2
                                    ],
                                    "Version": 2
                                },
                                {
                                    "Component Dimensions": [
                                        1
                                    ],
                                    "Flag": 2,
                                    "Name": "PhaseName",
                                    "Object Type": "StringDataArray",
                                    "Path": "/DataContainers/ImageDataContainer/CellEnsembleDataReference",
                                    "Tuple Dimensions": [
                                        2
                                    ],
                                    "Version": 2
                                },
                                {
                                    "Component Dimensions": [
                                        1
                                    ],
                                    "Flag": 2,
                                    "Name": "PhaseTypes",
                                    "Object Type": "DataArray<uint32_t>",
                                    "Path": "/DataContainers/ImageDataContainer/CellEnsembleDataReference",
                                    "Tuple Dimensions": [
                                        2
                                    ],
                                    "Version": 2
                                },
                                {
                                    "Component Dimensions": [
                                        1
                                    ],
                                    "Flag": 2,
                                    "Name": "ShapeTypes",
                                    "Object Type": "DataArray<uint32_t>",
                                    "Path": "/DataContainers/ImageDataContainer/CellEnsembleDataReference",
                                    "Tuple Dimensions": [
                                        2
                                    ],
                                    "Version": 2
                                },
                                {
                                    "Component Dimensions": [
                                        1
                                    ],
                                    "Flag": 2,
                                    "Name": "Statistics",
                                    "Object Type": "Statistics",
                                    "Path": "/DataContainers/ImageDataContainer/CellEnsembleDataReference",
                                    "Tuple Dimensions": [
                                        2
                                    ],
                                    "Version": 2
                                }
                            ],
                            "Flag": 2,
                            "Name": "CellEnsembleDataReference",
                            "Type": 11
                        },
                        {
                            "Data Arrays": [
                                {
                                    "Component Dimensions": [
                                        3
                                    ],
                                    "Flag": 2,
                                    "Name": "AvgEulerAngles",
                                    "Object Type": "DataArray<float>",
                                    "Path": "/DataContainers/ImageDataContainer/CellFeatureData",
                                    "Tuple Dimensions": [
                                        659
                                    ],
                                    "Version": 2
                                },
                                {
                                    "Component Dimensions": [
                                        4
                                    ],
                                    "Flag": 2,
                                    "Name": "AvgQuats",
                                    "Object Type": "DataArray<float>",
                                    "Path": "/DataContainers/ImageDataContainer/CellFeatureData",
                                    "Tuple Dimensions": [
                                        659
                                    ],
                                    "Version": 2
                                },
                                {
                                    "Component Dimensions": [
                                        1
                                    ],
                                    "Flag": 2,
                                    "Name": "NeighborList",
                                    "Object Type": "NeighborList<T>",
                                    "Path": "/DataContainers/ImageDataContainer/CellFeatureData",
                                    "Tuple Dimensions": [
                                        659
                                    ],
                                    "Version": 2
                                },
                                {
                                    "Component Dimensions": [
                                        1
                                    ],
                                    "Flag": 2,
                                    "Name": "NumNeighbors",
                                    "Object Type": "DataArray<int32_t>",
                                    "Path": "/DataContainers/ImageDataContainer/CellFeatureData",
                                    "Tuple Dimensions": [
                                        659
                                    ],
                                    "Version": 2
                                },
                                {
                                    "Component Dimensions": [
                                        1
                                    ],
                                    "Flag": 2,
                                    "Name": "Phases",
                                    "Object Type": "DataArray<int32_t>",
                                    "Path": "/DataContainers/ImageDataContainer/CellFeatureData",
                                    "Tuple Dimensions": [
                                        659
                                    ],
                                    "Version": 2
                                },
                                {
                                    "Component Dimensions": [
                                        1
                                    ],
                                    "Flag": 2,
                                    "Name": "SharedSurfaceAreaList",
                                    "Object Type": "NeighborList<T>",
                                    "Path": "/DataContainers/ImageDataContainer/CellFeatureData",
                                    "Tuple Dimensions": [
                                        659
                                    ],
                                    "Version": 2
                                },
                                {
                                    "Component Dimensions": [
                                        1
                                    ],
                                    "Flag": 2,
                                    "Name": "SurfaceFeatures",
                                    "Object Type": "DataArray<bool>",
                                    "Path": "/DataContainers/ImageDataContainer/CellFeatureData",
                                    "Tuple Dimensions": [
                                        659
                                    ],
                                    "Version": 2
                                },
                                {
                                    "Component Dimensions": [
                                        1
                                    ],
                                    "Flag": 2,
                                    "Name": "Volumes",
                                    "Object Type": "DataArray<float>",
                                    "Path": "/DataContainers/ImageDataContainer/CellFeatureData",
                                    "Tuple Dimensions": [
                                        659
                                    ],
                                    "Version": 2
                                }
                            ],
                            "Flag": 2,
                            "Name": "CellFeatureData",
                            "Type": 7
                        }
                    ],
                    "Flag": 2,
                    "Name": "ImageDataContainer",
                    "Type": 0
                }
            ]
        },
        "OverwriteExistingDataContainers": 1
    },
    "01": {
        "FilterVersion": "1.2.815",
        "Filter_Enabled": false,
        "Filter_Human_Label": "Pipeline Annotation",
        "Filter_Name": "PipelineAnnotation",
        "Filter_Uuid": "{8cc2198b-6a9d-5bf4-b8c0-b0878bb57f10}",
        "Summary": "<!DOCTYPE HTML PUBLIC \"-//W3C//DTD HTML 4.0//EN\" \"http://www.w3.org/TR/REC-html40/strict.dtd\">\n<html><head><meta name=\"qrichtext\" content=\"1\" /><style type=\"text/css\">\np, li { white-space: pre-wrap; }\n</style></head><body style=\" font-family:'MS Shell Dlg 2'; font-size:7.8pt; font-weight:400; font-style:normal;\">\n<p style=\" margin-top:0px; margin-bottom:0px; margin-left:0px; margin-right:0px; -qt-block-indent:0; text-indent:0px;\"><span style=\" font-size:8.1pt;\">Find Feature Data and Generate Statistics</span></p>\n<p style=\"-qt-paragraph-type:empty; margin-top:0px; margin-bottom:0px; margin-left:0px; margin-right:0px; -qt-block-indent:0; text-indent:0px; font-size:8.1pt;\"><br /></p></body></html>"
    },
    "02": {
        "CentroidsArrayPath": {
            "Attribute Matrix Name": "CellFeatureData",
            "Data Array Name": "Centroids",
            "Data Container Name": "ImageDataContainer"
        },
        "FeatureIdsArrayPath": {
            "Attribute Matrix Name": "CellData",
            "Data Array Name": "FeatureIds",
            "Data Container Name": "ImageDataContainer"
        },
        "FilterVersion": "6.5.141",
        "Filter_Enabled": true,
        "Filter_Human_Label": "Find Feature Centroids",
        "Filter_Name": "FindFeatureCentroids",
        "Filter_Uuid": "{6f8ca36f-2995-5bd3-8672-6b0b80d5b2ca}"
    },
    "03": {
        "FeatureIdsArrayPath": {
            "Attribute Matrix Name": "CellData",
            "Data Array Name": "FeatureIds",
            "Data Container Name": "ImageDataContainer"
        },
        "FilterVersion": "6.5.141",
        "Filter_Enabled": false,
        "Filter_Human_Label": "Find Surface Features",
        "Filter_Name": "FindSurfaceFeatures",
        "Filter_Uuid": "{d2b0ae3d-686a-5dc0-a844-66bc0dc8f3cb}",
        "SurfaceFeaturesArrayPath": {
            "Attribute Matrix Name": "CellFeatureData",
            "Data Array Name": "SurfaceFeatures",
            "Data Container Name": "ImageDataContainer"
        }
    },
    "04": {
        "BiasedFeaturesArrayName": "BiasedFeatures",
        "CalcByPhase": 0,
        "CentroidsArrayPath": {
            "Attribute Matrix Name": "CellFeatureData",
            "Data Array Name": "Centroids",
            "Data Container Name": "ImageDataContainer"
        },
        "FilterVersion": "6.5.141",
        "Filter_Enabled": true,
        "Filter_Human_Label": "Find Biased Features (Bounding Box)",
        "Filter_Name": "FindBoundingBoxFeatures",
        "Filter_Uuid": "{450c2f00-9ddf-56e1-b4c1-0e74e7ad2349}",
        "PhasesArrayPath": {
            "Attribute Matrix Name": "CellFeatureData",
            "Data Array Name": "Phases",
            "Data Container Name": "ImageDataContainer"
        },
        "SurfaceFeaturesArrayPath": {
            "Attribute Matrix Name": "CellFeatureData",
            "Data Array Name": "SurfaceFeatures",
            "Data Container Name": "ImageDataContainer"
        }
    },
    "05": {
        "FilterVersion": "1.2.815",
        "Filter_Enabled": false,
        "Filter_Human_Label": "Pipeline Annotation",
        "Filter_Name": "PipelineAnnotation",
        "Filter_Uuid": "{8cc2198b-6a9d-5bf4-b8c0-b0878bb57f10}",
        "Summary": "<!DOCTYPE HTML PUBLIC \"-//W3C//DTD HTML 4.0//EN\" \"http://www.w3.org/TR/REC-html40/strict.dtd\">\n<html><head><meta name=\"qrichtext\" content=\"1\" /><style type=\"text/css\">\np, li { white-space: pre-wrap; }\n</style></head><body style=\" font-family:'MS Shell Dlg 2'; font-size:7.8pt; font-weight:400; font-style:normal;\">\n<p style=\" margin-top:0px; margin-bottom:0px; margin-left:0px; margin-right:0px; -qt-block-indent:0; text-indent:0px;\"><span style=\" font-size:8.1pt;\">temporarily unbias features for current sample</span></p></body></html>"
    },
    "06": {
        "FilterVersion": "1.2.815",
        "Filter_Enabled": true,
        "Filter_Human_Label": "Replace Value in Array",
        "Filter_Name": "ReplaceValueInArray",
        "Filter_Uuid": "{a37f2e24-7400-5005-b9a7-b2224570cbe9}",
        "RemoveValue": 1,
        "ReplaceValue": 0,
        "SelectedArray": {
            "Attribute Matrix Name": "CellFeatureData",
            "Data Array Name": "BiasedFeatures",
            "Data Container Name": "ImageDataContainer"
        }
    },
    "07": {
        "EquivalentDiametersArrayName": "EquivalentDiameters",
        "FeatureAttributeMatrixName": {
            "Attribute Matrix Name": "CellFeatureData",
            "Data Array Name": "",
            "Data Container Name": "ImageDataContainer"
        },
        "FeatureIdsArrayPath": {
            "Attribute Matrix Name": "CellData",
            "Data Array Name": "FeatureIds",
            "Data Container Name": "ImageDataContainer"
        },
        "FilterVersion": "6.5.141",
        "Filter_Enabled": true,
        "Filter_Human_Label": "Find Feature Sizes",
        "Filter_Name": "FindSizes",
        "Filter_Uuid": "{656f144c-a120-5c3b-bee5-06deab438588}",
        "NumElementsArrayName": "NumElements",
        "SaveElementSizes": 0,
        "VolumesArrayName": "SizeVolumes"
    },
    "08": {
        "AspectRatiosArrayName": "AspectRatios",
        "AxisEulerAnglesArrayName": "AxisEulerAngles",
        "AxisLengthsArrayName": "AxisLengths",
        "CellFeatureAttributeMatrixName": {
            "Attribute Matrix Name": "CellFeatureData",
            "Data Array Name": "",
            "Data Container Name": "ImageDataContainer"
        },
        "CentroidsArrayPath": {
            "Attribute Matrix Name": "CellFeatureData",
            "Data Array Name": "Centroids",
            "Data Container Name": "ImageDataContainer"
        },
        "FeatureIdsArrayPath": {
            "Attribute Matrix Name": "CellData",
            "Data Array Name": "FeatureIds",
            "Data Container Name": "ImageDataContainer"
        },
        "FilterVersion": "6.5.141",
        "Filter_Enabled": true,
        "Filter_Human_Label": "Find Feature Shapes",
        "Filter_Name": "FindShapes",
        "Filter_Uuid": "{3b0ababf-9c8d-538d-96af-e40775c4f0ab}",
        "Omega3sArrayName": "Omega3s",
        "VolumesArrayName": "ShapeVolumes"
    },
    "09": {
        "CellPhasesArrayPath": {
            "Attribute Matrix Name": "CellData",
            "Data Array Name": "Phases",
            "Data Container Name": "ImageDataContainer"
        },
        "FeatureIdsArrayPath": {
            "Attribute Matrix Name": "CellData",
            "Data Array Name": "FeatureIds",
            "Data Container Name": "ImageDataContainer"
        },
        "FeaturePhasesArrayPath": {
            "Attribute Matrix Name": "CellFeatureData",
            "Data Array Name": "Phases",
            "Data Container Name": "ImageDataContainer"
        },
        "FilterVersion": "6.5.141",
        "Filter_Enabled": false,
        "Filter_Human_Label": "Find Feature Phases",
        "Filter_Name": "FindFeaturePhases",
        "Filter_Uuid": "{6334ce16-cea5-5643-83b5-9573805873fa}"
    },
    "10": {
        "CentroidsArrayPath": {
            "Attribute Matrix Name": "CellFeatureData",
            "Data Array Name": "Centroids",
            "Data Container Name": "ImageDataContainer"
        },
        "EquivalentDiametersArrayPath": {
            "Attribute Matrix Name": "CellFeatureData",
            "Data Array Name": "EquivalentDiameters",
            "Data Container Name": "ImageDataContainer"
        },
        "FeaturePhasesArrayPath": {
            "Attribute Matrix Name": "CellFeatureData",
            "Data Array Name": "Phases",
            "Data Container Name": "ImageDataContainer"
        },
        "FilterVersion": "6.5.141",
        "Filter_Enabled": true,
        "Filter_Human_Label": "Find Feature Neighborhoods",
        "Filter_Name": "FindNeighborhoods",
        "Filter_Uuid": "{697ed3de-db33-5dd1-a64b-04fb71e7d63e}",
        "MultiplesOfAverage": 1,
        "NeighborhoodListArrayName": "NeighborhoodList",
        "NeighborhoodsArrayName": "Neighborhoods"
    },
    "11": {
        "BoundaryCellsArrayName": "BoundaryCells",
        "CellFeatureAttributeMatrixPath": {
            "Attribute Matrix Name": "CellFeatureData",
            "Data Array Name": "",
            "Data Container Name": "ImageDataContainer"
        },
        "FeatureIdsArrayPath": {
            "Attribute Matrix Name": "CellData",
            "Data Array Name": "FeatureIds",
            "Data Container Name": "ImageDataContainer"
        },
        "FilterVersion": "6.5.141",
        "Filter_Enabled": false,
        "Filter_Human_Label": "Find Feature Neighbors",
        "Filter_Name": "FindNeighbors",
        "Filter_Uuid": "{97cf66f8-7a9b-5ec2-83eb-f8c4c8a17bac}",
        "NeighborListArrayName": "NeighborList",
        "NumNeighborsArrayName": "NumNeighbors",
        "SharedSurfaceAreaListArrayName": "SharedSurfaceAreaList",
        "StoreBoundaryCells": 0,
        "StoreSurfaceFeatures": 0,
        "SurfaceFeaturesArrayName": "SurfaceFeatures"
    },
    "12": {
        "AvgEulerAnglesArrayPath": {
            "Attribute Matrix Name": "CellFeatureData",
            "Data Array Name": "AvgEulerAngles",
            "Data Container Name": "ImageDataContainer"
        },
        "AvgQuatsArrayPath": {
            "Attribute Matrix Name": "CellFeatureData",
            "Data Array Name": "AvgQuats",
            "Data Container Name": "ImageDataContainer"
        },
        "CellPhasesArrayPath": {
            "Attribute Matrix Name": "CellData",
            "Data Array Name": "Phases",
            "Data Container Name": "ImageDataContainer"
        },
        "CrystalStructuresArrayPath": {
            "Attribute Matrix Name": "CellEnsembleData",
            "Data Array Name": "CrystalStructures",
            "Data Container Name": "ImageDataContainer"
        },
        "FeatureIdsArrayPath": {
            "Attribute Matrix Name": "CellData",
            "Data Array Name": "FeatureIds",
            "Data Container Name": "ImageDataContainer"
        },
        "FilterVersion": "6.5.141",
        "Filter_Enabled": false,
        "Filter_Human_Label": "Find Feature Average Orientations",
        "Filter_Name": "FindAvgOrientations",
        "Filter_Uuid": "{bf7036d8-25bd-540e-b6de-3a5ab0e42c5f}",
        "QuatsArrayPath": {
            "Attribute Matrix Name": "CellData",
            "Data Array Name": "Quats",
            "Data Container Name": "ImageDataContainer"
        }
    },
    "13": {
        "AvgMisorientationsArrayName": "AvgMisorientations",
        "AvgQuatsArrayPath": {
            "Attribute Matrix Name": "CellFeatureData",
            "Data Array Name": "AvgQuats",
            "Data Container Name": "ImageDataContainer"
        },
        "CrystalStructuresArrayPath": {
            "Attribute Matrix Name": "CellEnsembleData",
            "Data Array Name": "CrystalStructures",
            "Data Container Name": "ImageDataContainer"
        },
        "FeaturePhasesArrayPath": {
            "Attribute Matrix Name": "CellFeatureData",
            "Data Array Name": "Phases",
            "Data Container Name": "ImageDataContainer"
        },
        "FilterVersion": "6.5.141",
        "Filter_Enabled": true,
        "Filter_Human_Label": "Find Feature Neighbor Misorientations",
        "Filter_Name": "FindMisorientations",
        "Filter_Uuid": "{286dd493-4fea-54f4-b59e-459dd13bbe57}",
        "FindAvgMisors": 0,
        "MisorientationListArrayName": "MisorientationList",
        "NeighborListArrayPath": {
            "Attribute Matrix Name": "CellFeatureData",
            "Data Array Name": "NeighborList",
            "Data Container Name": "ImageDataContainer"
        }
    },
    "14": {
        "CellEulerAnglesArrayPath": {
            "Attribute Matrix Name": "CellData",
            "Data Array Name": "AvgEulerAngles",
            "Data Container Name": "ImageDataContainer"
        },
        "CellPhasesArrayPath": {
            "Attribute Matrix Name": "CellData",
            "Data Array Name": "Phases",
            "Data Container Name": "ImageDataContainer"
        },
        "CrystalStructuresArrayPath": {
            "Attribute Matrix Name": "CellEnsembleData",
            "Data Array Name": "CrystalStructures",
            "Data Container Name": "ImageDataContainer"
        },
        "FilterVersion": "6.5.141",
        "Filter_Enabled": true,
        "Filter_Human_Label": "Export Pole Figure Images",
        "Filter_Name": "WritePoleFigure",
        "Filter_Uuid": "{a10bb78e-fcff-553d-97d6-830a43c85385}",
        "GenerationAlgorithm": 0,
        "GoodVoxelsArrayPath": {
            "Attribute Matrix Name": "CellData",
            "Data Array Name": "Mask_Sphere",
            "Data Container Name": "ImageDataContainer"
        },
        "ImageLayout": 2,
        "ImagePrefix": "14-statistics_Synthetic.",
        "ImageSize": 512,
        "LambertSize": 64,
        "MaterialNameArrayPath": {
            "Attribute Matrix Name": "CellEnsembleData",
            "Data Array Name": "PhaseName",
            "Data Container Name": "ImageDataContainer"
        },
        "NumColors": 32,
        "OutputPath": "C:/Users/nirahve/Desktop/slim pipeline/pipeline_output",
        "Title": "Synthetic",
        "UseGoodVoxels": 1
    },
    "15": {
        "FilterVersion": "1.2.815",
        "Filter_Enabled": false,
        "Filter_Human_Label": "Pipeline Annotation",
        "Filter_Name": "PipelineAnnotation",
        "Filter_Uuid": "{8cc2198b-6a9d-5bf4-b8c0-b0878bb57f10}",
        "Summary": "<!DOCTYPE HTML PUBLIC \"-//W3C//DTD HTML 4.0//EN\" \"http://www.w3.org/TR/REC-html40/strict.dtd\">\n<html><head><meta name=\"qrichtext\" content=\"1\" /><style type=\"text/css\">\np, li { white-space: pre-wrap; }\n</style></head><body style=\" font-family:'MS Shell Dlg 2'; font-size:7.8pt; font-weight:400; font-style:normal;\">\n<p style=\" margin-top:0px; margin-bottom:0px; margin-left:0px; margin-right:0px; -qt-block-indent:0; text-indent:0px;\">Output</p></body></html>"
    },
    "16": {
        "FilterVersion": "1.2.815",
        "Filter_Enabled": true,
        "Filter_Human_Label": "Write DREAM.3D Data File",
        "Filter_Name": "DataContainerWriter",
        "Filter_Uuid": "{3fcd4c43-9d75-5b86-aad4-4441bc914f37}",
        "OutputFile": "C:/Users/nirahve/Desktop/slim pipeline/pipeline_output/14-synthetic_statistics.dream3d",
        "WriteTimeSeries": 0,
        "WriteXdmfFile": 1
    },
    "PipelineBuilder": {
        "Name": "14ExtractStatsSynthetic",
        "Number_Filters": 17,
        "Version": 6
    }
}
