{
    "0": {
        "FilterVersion": "1.2.815",
        "Filter_Enabled": true,
        "Filter_Human_Label": "Read DREAM.3D Data File",
        "Filter_Name": "DataContainerReader",
        "Filter_Uuid": "{043cbde5-3878-5718-958f-ae75714df0df}",
        "InputFile": "C:\\Users\\nirahve\\Desktop\\slim pipeline\\pipeline_output\\5-statistics-StatsGenerator.dream3d",
        "InputFileDataContainerArrayProxy": {
            "Data Containers": [
                {
                    "Attribute Matricies": [
                        {
                            "Data Arrays": [
                                {
                                    "Component Dimensions": [
                                        1
                                    ],
                                    "Flag": 2,
                                    "Name": "CrystalStructures",
                                    "Object Type": "DataArray<uint32_t>",
                                    "Path": "/DataContainers/ImageDataContainer/CellEnsembleData",
                                    "Tuple Dimensions": [
                                        5
                                    ],
                                    "Version": 2
                                },
                                {
                                    "Component Dimensions": [
                                        6
                                    ],
                                    "Flag": 2,
                                    "Name": "LatticeConstants",
                                    "Object Type": "DataArray<float>",
                                    "Path": "/DataContainers/ImageDataContainer/CellEnsembleData",
                                    "Tuple Dimensions": [
                                        5
                                    ],
                                    "Version": 2
                                },
                                {
                                    "Component Dimensions": [
                                        1
                                    ],
                                    "Flag": 2,
                                    "Name": "MaterialName",
                                    "Object Type": "StringDataArray",
                                    "Path": "/DataContainers/ImageDataContainer/CellEnsembleData",
                                    "Tuple Dimensions": [
                                        5
                                    ],
                                    "Version": 2
                                }
                            ],
                            "Flag": 2,
                            "Name": "CellEnsembleData",
                            "Type": 11
                        },
                        {
                            "Data Arrays": [
                                {
                                    "Component Dimensions": [
                                        1
                                    ],
                                    "Flag": 2,
                                    "Name": "Active",
                                    "Object Type": "DataArray<bool>",
                                    "Path": "/DataContainers/ImageDataContainer/CellFeatureData",
                                    "Tuple Dimensions": [
                                        772
                                    ],
                                    "Version": 2
                                },
                                {
                                    "Component Dimensions": [
                                        2
                                    ],
                                    "Flag": 2,
                                    "Name": "AspectRatios",
                                    "Object Type": "DataArray<float>",
                                    "Path": "/DataContainers/ImageDataContainer/CellFeatureData",
                                    "Tuple Dimensions": [
                                        772
                                    ],
                                    "Version": 2
                                },
                                {
                                    "Component Dimensions": [
                                        3
                                    ],
                                    "Flag": 2,
                                    "Name": "AvgEulerAngles",
                                    "Object Type": "DataArray<float>",
                                    "Path": "/DataContainers/ImageDataContainer/CellFeatureData",
                                    "Tuple Dimensions": [
                                        772
                                    ],
                                    "Version": 2
                                },
                                {
                                    "Component Dimensions": [
                                        4
                                    ],
                                    "Flag": 2,
                                    "Name": "AvgQuats",
                                    "Object Type": "DataArray<float>",
                                    "Path": "/DataContainers/ImageDataContainer/CellFeatureData",
                                    "Tuple Dimensions": [
                                        772
                                    ],
                                    "Version": 2
                                },
                                {
                                    "Component Dimensions": [
                                        3
                                    ],
                                    "Flag": 2,
                                    "Name": "AxisEulerAngles",
                                    "Object Type": "DataArray<float>",
                                    "Path": "/DataContainers/ImageDataContainer/CellFeatureData",
                                    "Tuple Dimensions": [
                                        772
                                    ],
                                    "Version": 2
                                },
                                {
                                    "Component Dimensions": [
                                        3
                                    ],
                                    "Flag": 2,
                                    "Name": "AxisLengths",
                                    "Object Type": "DataArray<float>",
                                    "Path": "/DataContainers/ImageDataContainer/CellFeatureData",
                                    "Tuple Dimensions": [
                                        772
                                    ],
                                    "Version": 2
                                },
                                {
                                    "Component Dimensions": [
                                        1
                                    ],
                                    "Flag": 2,
                                    "Name": "BiasedFeatures",
                                    "Object Type": "DataArray<bool>",
                                    "Path": "/DataContainers/ImageDataContainer/CellFeatureData",
                                    "Tuple Dimensions": [
                                        772
                                    ],
                                    "Version": 2
                                },
                                {
                                    "Component Dimensions": [
                                        3
                                    ],
                                    "Flag": 2,
                                    "Name": "Centroids",
                                    "Object Type": "DataArray<float>",
                                    "Path": "/DataContainers/ImageDataContainer/CellFeatureData",
                                    "Tuple Dimensions": [
                                        772
                                    ],
                                    "Version": 2
                                },
                                {
                                    "Component Dimensions": [
                                        1
                                    ],
                                    "Flag": 2,
                                    "Name": "EquivalentDiameters",
                                    "Object Type": "DataArray<float>",
                                    "Path": "/DataContainers/ImageDataContainer/CellFeatureData",
                                    "Tuple Dimensions": [
                                        772
                                    ],
                                    "Version": 2
                                },
                                {
                                    "Component Dimensions": [
                                        1
                                    ],
                                    "Flag": 2,
                                    "Name": "MisorientationList",
                                    "Object Type": "NeighborList<T>",
                                    "Path": "/DataContainers/ImageDataContainer/CellFeatureData",
                                    "Tuple Dimensions": [
                                        772
                                    ],
                                    "Version": 2
                                },
                                {
                                    "Component Dimensions": [
                                        1
                                    ],
                                    "Flag": 2,
                                    "Name": "MisorientationList_NumNeighbors",
                                    "Object Type": "DataArray<int32_t>",
                                    "Path": "/DataContainers/ImageDataContainer/CellFeatureData",
                                    "Tuple Dimensions": [
                                        772
                                    ],
                                    "Version": 2
                                },
                                {
                                    "Component Dimensions": [
                                        1
                                    ],
                                    "Flag": 2,
                                    "Name": "NeighborList",
                                    "Object Type": "NeighborList<T>",
                                    "Path": "/DataContainers/ImageDataContainer/CellFeatureData",
                                    "Tuple Dimensions": [
                                        772
                                    ],
                                    "Version": 2
                                },
                                {
                                    "Component Dimensions": [
                                        1
                                    ],
                                    "Flag": 2,
                                    "Name": "NeighborhoodList",
                                    "Object Type": "NeighborList<T>",
                                    "Path": "/DataContainers/ImageDataContainer/CellFeatureData",
                                    "Tuple Dimensions": [
                                        772
                                    ],
                                    "Version": 2
                                },
                                {
                                    "Component Dimensions": [
                                        1
                                    ],
                                    "Flag": 2,
                                    "Name": "Neighborhoods",
                                    "Object Type": "DataArray<int32_t>",
                                    "Path": "/DataContainers/ImageDataContainer/CellFeatureData",
                                    "Tuple Dimensions": [
                                        772
                                    ],
                                    "Version": 2
                                },
                                {
                                    "Component Dimensions": [
                                        1
                                    ],
                                    "Flag": 2,
                                    "Name": "NumElements",
                                    "Object Type": "DataArray<int32_t>",
                                    "Path": "/DataContainers/ImageDataContainer/CellFeatureData",
                                    "Tuple Dimensions": [
                                        772
                                    ],
                                    "Version": 2
                                },
                                {
                                    "Component Dimensions": [
                                        1
                                    ],
                                    "Flag": 2,
                                    "Name": "NumNeighbors",
                                    "Object Type": "DataArray<int32_t>",
                                    "Path": "/DataContainers/ImageDataContainer/CellFeatureData",
                                    "Tuple Dimensions": [
                                        772
                                    ],
                                    "Version": 2
                                },
                                {
                                    "Component Dimensions": [
                                        1
                                    ],
                                    "Flag": 2,
                                    "Name": "Omega3s",
                                    "Object Type": "DataArray<float>",
                                    "Path": "/DataContainers/ImageDataContainer/CellFeatureData",
                                    "Tuple Dimensions": [
                                        772
                                    ],
                                    "Version": 2
                                },
                                {
                                    "Component Dimensions": [
                                        1
                                    ],
                                    "Flag": 2,
                                    "Name": "Phases",
                                    "Object Type": "DataArray<int32_t>",
                                    "Path": "/DataContainers/ImageDataContainer/CellFeatureData",
                                    "Tuple Dimensions": [
                                        772
                                    ],
                                    "Version": 2
                                },
                                {
                                    "Component Dimensions": [
                                        1
                                    ],
                                    "Flag": 2,
                                    "Name": "ShapeVolumes",
                                    "Object Type": "DataArray<float>",
                                    "Path": "/DataContainers/ImageDataContainer/CellFeatureData",
                                    "Tuple Dimensions": [
                                        772
                                    ],
                                    "Version": 2
                                },
                                {
                                    "Component Dimensions": [
                                        1
                                    ],
                                    "Flag": 2,
                                    "Name": "SharedSurfaceAreaList",
                                    "Object Type": "NeighborList<T>",
                                    "Path": "/DataContainers/ImageDataContainer/CellFeatureData",
                                    "Tuple Dimensions": [
                                        772
                                    ],
                                    "Version": 2
                                },
                                {
                                    "Component Dimensions": [
                                        1
                                    ],
                                    "Flag": 2,
                                    "Name": "SurfaceFeatures",
                                    "Object Type": "DataArray<bool>",
                                    "Path": "/DataContainers/ImageDataContainer/CellFeatureData",
                                    "Tuple Dimensions": [
                                        772
                                    ],
                                    "Version": 2
                                },
                                {
                                    "Component Dimensions": [
                                        1
                                    ],
                                    "Flag": 2,
                                    "Name": "Volumes",
                                    "Object Type": "DataArray<float>",
                                    "Path": "/DataContainers/ImageDataContainer/CellFeatureData",
                                    "Tuple Dimensions": [
                                        772
                                    ],
                                    "Version": 2
                                }
                            ],
                            "Flag": 2,
                            "Name": "CellFeatureData",
                            "Type": 7
                        }
                    ],
                    "Flag": 2,
                    "Name": "ImageDataContainer",
                    "Type": 0
                }
            ]
        },
        "OverwriteExistingDataContainers": 0
    },
    "1": {
        "AspectRatioDistributionFitType": 0,
        "AspectRatiosArrayPath": {
            "Attribute Matrix Name": "CellFeatureData",
            "Data Array Name": "AspectRatios",
            "Data Container Name": "ImageDataContainer"
        },
        "AvgQuatsArrayPath": {
            "Attribute Matrix Name": "CellFeatureData",
            "Data Array Name": "AvgQuats",
            "Data Container Name": "ImageDataContainer"
        },
        "AxisEulerAnglesArrayPath": {
            "Attribute Matrix Name": "CellFeatureData",
            "Data Array Name": "AxisEulerAngles",
            "Data Container Name": "ImageDataContainer"
        },
        "BiasedFeaturesArrayPath": {
            "Attribute Matrix Name": "CellFeatureData",
            "Data Array Name": "BiasedFeatures",
            "Data Container Name": "ImageDataContainer"
        },
        "CalculateAxisODF": 1,
        "CalculateCrystallographicStats": 1,
        "CalculateMDF": 1,
        "CalculateMorphologicalStats": 1,
        "CalculateODF": 1,
        "CellEnsembleAttributeMatrixPath": {
            "Attribute Matrix Name": "CellEnsembleData",
            "Data Array Name": "",
            "Data Container Name": "ImageDataContainer"
        },
        "ComputeAspectRatioDistribution": 1,
        "ComputeNeighborhoodDistribution": 1,
        "ComputeOmega3Distribution": 1,
        "ComputeSizeDistribution": 1,
        "CrystalStructuresArrayPath": {
            "Attribute Matrix Name": "CellEnsembleData",
            "Data Array Name": "CrystalStructures",
            "Data Container Name": "ImageDataContainer"
        },
        "EquivalentDiametersArrayPath": {
            "Attribute Matrix Name": "CellFeatureData",
            "Data Array Name": "EquivalentDiameters",
            "Data Container Name": "ImageDataContainer"
        },
        "FeatureEulerAnglesArrayPath": {
            "Attribute Matrix Name": "CellFeatureData",
            "Data Array Name": "AvgEulerAngles",
            "Data Container Name": "ImageDataContainer"
        },
        "FeaturePhasesArrayPath": {
            "Attribute Matrix Name": "CellFeatureData",
            "Data Array Name": "Phases",
            "Data Container Name": "ImageDataContainer"
        },
        "FilterVersion": "6.5.141",
        "Filter_Enabled": false,
        "Filter_Human_Label": "Generate Ensemble Statistics",
        "Filter_Name": "GenerateEnsembleStatistics",
        "Filter_Uuid": "{19a1cb76-6b46-528d-b629-1af5f1d6344c}",
        "IncludeRadialDistFunc": 0,
        "MaxMinRDFArrayPath": {
            "Attribute Matrix Name": "",
            "Data Array Name": "",
            "Data Container Name": ""
        },
        "NeighborListArrayPath": {
            "Attribute Matrix Name": "CellFeatureData",
            "Data Array Name": "NeighborList",
            "Data Container Name": "ImageDataContainer"
        },
        "NeighborhoodDistributionFitType": 1,
        "NeighborhoodsArrayPath": {
            "Attribute Matrix Name": "CellFeatureData",
            "Data Array Name": "Neighborhoods",
            "Data Container Name": "ImageDataContainer"
        },
        "Omega3DistributionFitType": 0,
        "Omega3sArrayPath": {
            "Attribute Matrix Name": "CellFeatureData",
            "Data Array Name": "Omega3s",
            "Data Container Name": "ImageDataContainer"
        },
        "PhaseTypeArray": [
            999,
            0,
            0,
            0,
            0
        ],
        "PhaseTypesArrayName": "PhaseTypes",
        "RDFArrayPath": {
            "Attribute Matrix Name": "",
            "Data Array Name": "",
            "Data Container Name": ""
        },
        "SharedSurfaceAreaListArrayPath": {
            "Attribute Matrix Name": "CellFeatureData",
            "Data Array Name": "SharedSurfaceAreaList",
            "Data Container Name": "ImageDataContainer"
        },
        "SizeCorrelationResolution": 20,
        "SizeDistributionFitType": 1,
        "StatisticsArrayName": "Statistics",
        "SurfaceFeaturesArrayPath": {
            "Attribute Matrix Name": "CellFeatureData",
            "Data Array Name": "SurfaceFeatures",
            "Data Container Name": "ImageDataContainer"
        },
        "VolumesArrayPath": {
            "Attribute Matrix Name": "CellFeatureData",
            "Data Array Name": "Volumes",
            "Data Container Name": "ImageDataContainer"
        }
    },
    "2": {
        "CellEnsembleAttributeMatrixName": "CellEnsembleData",
        "CrystalStructuresArrayName": "CrystalStructures",
        "Filter_Enabled": true,
        "Filter_Human_Label": "StatsGenerator",
        "Filter_Name": "StatsGeneratorFilter",
        "Filter_Uuid": "{f642e217-4722-5dd8-9df9-cee71e7b26ba}",
        "PhaseNamesArrayName": "PhaseName",
        "PhaseTypesArrayName": "PhaseTypes",
        "StatsDataArray": {
            "1": {
                "AxisODF-Weights": {},
                "Bin Count": 1,
                "BinNumber": [
                    0.1638680100440979
                ],
                "BoundaryArea": 0,
                "Crystal Symmetry": 1,
                "FeatureSize Distribution": {
                    "Average": 0.3566559851169586,
                    "Standard Deviation": 0.43307000398635864
                },
                "FeatureSize Vs B Over A Distributions": {
                    "Alpha": [
                        2.6449999809265137
                    ],
                    "Beta": [
                        2.9149999618530273
                    ],
                    "Distribution Type": "Beta Distribution"
                },
                "FeatureSize Vs C Over A Distributions": {
                    "Alpha": [
                        2.6449999809265137
                    ],
                    "Beta": [
                        2.9149999618530273
                    ],
                    "Distribution Type": "Beta Distribution"
                },
                "FeatureSize Vs Neighbors Distributions": {
                    "Average": [
                        2.6390573978424072
                    ],
                    "Distribution Type": "Log Normal Distribution",
                    "Standard Deviation": [
                        0
                    ]
                },
                "FeatureSize Vs Omega3 Distributions": {
                    "Alpha": [
                        10.190561294555664
                    ],
                    "Beta": [
                        1.5644487142562866
                    ],
                    "Distribution Type": "Beta Distribution"
                },
                "Feature_Diameter_Info": [
                    6.000999927520752,
                    5.237613677978516,
                    0.1638680100440979
                ],
                "MDF-Weights": {},
                "Name": "Aluminum",
                "ODF-Weights": {},
                "PhaseFraction": 1,
                "PhaseType": "Primary"
            },
            "Name": "Statistics",
            "Phase Count": 2
        },
        "StatsDataArrayName": "Statistics",
        "StatsGeneratorDataContainerName": "StatsGeneratorDataContainer"
    },
    "3": {
        "FilterVersion": "1.2.815",
        "Filter_Enabled": false,
        "Filter_Human_Label": "Pipeline Annotation",
        "Filter_Name": "PipelineAnnotation",
        "Filter_Uuid": "{8cc2198b-6a9d-5bf4-b8c0-b0878bb57f10}",
        "Summary": "<!DOCTYPE HTML PUBLIC \"-//W3C//DTD HTML 4.0//EN\" \"http://www.w3.org/TR/REC-html40/strict.dtd\">\n<html><head><meta name=\"qrichtext\" content=\"1\" /><style type=\"text/css\">\np, li { white-space: pre-wrap; }\n</style></head><body style=\" font-family:'MS Shell Dlg 2'; font-size:9pt; font-weight:400; font-style:normal;\">\n<p style=\" margin-top:0px; margin-bottom:0px; margin-left:0px; margin-right:0px; -qt-block-indent:0; text-indent:0px;\">output</p></body></html>"
    },
    "4": {
        "FilterVersion": "1.2.815",
        "Filter_Enabled": true,
        "Filter_Human_Label": "Write DREAM.3D Data File",
        "Filter_Name": "DataContainerWriter",
        "Filter_Uuid": "{3fcd4c43-9d75-5b86-aad4-4441bc914f37}",
        "OutputFile": "C:\\Users\\nirahve\\Desktop\\slim pipeline\\pipeline_output\\7-xy-statistics-StatsGenerator.dream3d",
        "WriteTimeSeries": 0,
        "WriteXdmfFile": 1
    },
    "PipelineBuilder": {
        "Name": "7GenerateStatisticsEBSD-StatsGenerator",
        "Number_Filters": 5,
        "Version": 6
    }
}